Date,Open,High,Low,Close,% Change,% Change vs Average,Volume
2013-06-17T07:00:00.000Z,27.22,27.44,25.74,26.02,-4.01,-3.95,254980176.00
2013-06-24T07:00:00.000Z,25.9,27.13,25.76,26.72,2.7,2.76,268259741.00
2013-07-01T07:00:00.000Z,26.72,27.1,26.53,27.04,1.21,1.27,89149934.00
2013-07-08T07:00:00.000Z,26.89,27.18,26.61,27.03,-0.0558,0.0024,119688396.00
2013-07-15T07:00:00.000Z,26.93,27.41,26.61,27.03,,0.0583,122323526.00
2013-07-22T07:00:00.000Z,27,27.13,26.36,26.87,-0.5864,-0.5281,144886662.00
2013-07-29T07:00:00.000Z,26.9,27.22,26.58,27,0.4775,0.5358,128836314.00
2013-08-05T07:00:00.000Z,26.95,27.06,26.23,26.27,-2.71,-2.65,100481544.00
2013-08-12T07:00:00.000Z,26.23,26.41,25.59,25.8,-1.78,-1.72,121846251.00
2013-08-19T07:00:00.000Z,25.74,25.91,25.05,25.88,0.3221,0.3804,150347741.00
2013-08-26T07:00:00.000Z,25.9,25.97,25.31,25.53,-1.34,-1.28,121738346.00
2013-09-02T07:00:00.000Z,25.67,25.75,25.07,25.22,-1.24,-1.18,117961671.00
2013-09-09T07:00:00.000Z,25.26,26.21,25.1,25.9,2.72,2.78,141305481.00
2013-09-16T07:00:00.000Z,26.09,26.42,25.81,25.9,-0.0147,0.0436,144436198.00
2013-09-23T07:00:00.000Z,25.96,25.99,25.44,25.65,-0.9761,-0.9178,121994660.00
2013-09-30T07:00:00.000Z,25.5,25.84,25.36,25.47,-0.6769,-0.6186,200406043.00
2013-10-07T07:00:00.000Z,25.42,25.85,24.98,25.81,1.33,1.39,234598044.00
2013-10-14T07:00:00.000Z,25.65,26.33,25.44,26.12,1.2,1.26,140905853.00
2013-10-21T07:00:00.000Z,26.43,26.7,25.84,26.56,1.68,1.73,180031922.00
2013-10-28T07:00:00.000Z,26.62,27.78,26.6,27.35,2.98,3.04,213620964.00
2013-11-04T08:00:00.000Z,27.51,27.56,26.09,26.55,-2.95,-2.89,177015604.00
2013-11-11T08:00:00.000Z,26.53,26.78,26.3,26.74,0.7391,0.7974,114137156.00
2013-11-18T08:00:00.000Z,26.77,27.12,26.45,26.73,-0.028,0.0302,111404075.00
2013-11-25T08:00:00.000Z,26.76,26.83,26.56,26.58,-0.5929,-0.5346,64927536.00
2013-12-02T08:00:00.000Z,26.55,26.58,25.81,26.06,-1.93,-1.87,149892585.00
2013-12-09T08:00:00.000Z,26.05,26.35,25.36,25.55,-1.97,-1.91,146679461.00
2013-12-16T08:00:00.000Z,25.71,26.13,25.38,25.89,1.33,1.39,165273736.00
2013-12-23T08:00:00.000Z,26.01,26.61,25.98,26.55,2.57,2.62,70291391.00
2013-12-30T08:00:00.000Z,26.44,26.64,26.12,26.27,-1.08,-1.02,103011004.00
2014-01-06T08:00:00.000Z,26.42,26.53,25.29,25.38,-3.39,-3.33,193205379.00
2014-01-13T08:00:00.000Z,25.35,25.72,25.03,25.44,0.238,0.2963,156730590.00
2014-01-20T08:00:00.000Z,25.54,25.88,25.02,25.22,-0.8311,-0.7728,144325146.00
2014-01-27T08:00:00.000Z,25.31,25.52,24.16,25.15,-0.2993,-0.241,272149666.00
2014-02-03T08:00:00.000Z,25.15,25.15,23.96,24.38,-3.06,-3,276305180.00
2014-02-10T08:00:00.000Z,24.49,25.29,24.32,25.02,2.63,2.69,145521932.00
2014-02-17T08:00:00.000Z,25.08,25.19,24.61,24.76,-1.06,-0.9972,108069706.00
2014-02-24T08:00:00.000Z,24.78,24.81,23.99,24.1,-2.65,-2.59,277918983.00
2014-03-03T08:00:00.000Z,24,24.6,23.97,24.56,1.91,1.97,171998423.00
2014-03-10T07:00:00.000Z,24.36,24.65,24.26,24.52,-0.1535,-0.0952,152065145.00
2014-03-17T07:00:00.000Z,24.67,26.27,24.55,25.89,5.57,5.63,258373168.00
2014-03-24T07:00:00.000Z,25.97,26.55,25.84,26.47,2.24,2.3,243696820.00
2014-03-31T07:00:00.000Z,26.64,27.08,26.15,26.83,1.37,1.43,188273785.00
2014-04-07T07:00:00.000Z,26.82,27.01,26.22,26.57,-0.9846,-0.9263,215213722.00
2014-04-14T07:00:00.000Z,26.63,27.35,26.46,27.2,2.39,2.44,121193875.00
2014-04-21T07:00:00.000Z,27.23,27.48,25.9,26.03,-4.3,-4.24,223914634.00
2014-04-28T07:00:00.000Z,26.17,27.17,26.09,26.89,3.31,3.36,154621719.00
2014-05-05T07:00:00.000Z,26.85,27.82,26.75,27.5,2.27,2.33,144663144.00
2014-05-12T07:00:00.000Z,27.72,27.77,26.85,27.73,0.8235,0.8818,167974077.00
2014-05-19T07:00:00.000Z,27.16,27.74,26.49,26.66,-3.87,-3.81,246007017.00
2014-05-26T07:00:00.000Z,26.64,26.82,26.42,26.77,0.4246,0.4829,97103923.00
2014-06-02T07:00:00.000Z,26.79,26.87,26.27,26.43,-1.27,-1.21,138833470.00
2014-06-09T07:00:00.000Z,26.45,26.53,26.13,26.44,0.0284,0.0867,120207475.00
2014-06-16T07:00:00.000Z,26.39,26.98,26.34,26.71,1.03,1.09,132782422.00
2014-06-23T07:00:00.000Z,26.85,26.85,26.49,26.73,0.0565,0.1148,116175778.00
2014-06-30T07:00:00.000Z,26.72,27.07,26.53,27.05,1.21,1.27,88521179.00
2014-07-07T07:00:00.000Z,27.1,27.25,26.7,26.99,-0.2233,-0.165,108370825.00
2014-07-14T07:00:00.000Z,27.07,27.59,26.95,27.3,1.15,1.2,136549414.00
2014-07-21T07:00:00.000Z,27.22,27.29,26.44,26.82,-1.74,-1.68,156469334.00
2014-07-28T07:00:00.000Z,26.83,28.29,26.63,26.67,-0.5909,-0.5326,254469642.00
2014-08-04T07:00:00.000Z,26.7,26.82,25.79,26.02,-2.43,-2.38,154052887.00
2014-08-11T07:00:00.000Z,26.18,26.39,25.97,26.22,0.7833,0.8416,115992170.00
2014-08-18T07:00:00.000Z,26.32,26.34,25.91,26.04,-0.6907,-0.6324,108308434.00
2014-08-25T07:00:00.000Z,26.05,26.39,26,26.39,1.33,1.39,93047680.00
2014-09-01T07:00:00.000Z,26.36,26.61,26.19,26.53,0.5434,0.6017,74202497.00
2014-09-08T07:00:00.000Z,26.51,26.51,25.93,26.04,-1.85,-1.79,110686031.00
2014-09-15T07:00:00.000Z,26.12,26.78,25.98,26.77,2.81,2.87,114762744.00
2014-09-22T07:00:00.000Z,26.76,26.83,26.39,26.63,-0.5356,-0.4774,108815439.00
2014-09-29T07:00:00.000Z,26.52,27.29,26.28,26.69,0.2268,0.2851,145037177.00
2014-10-06T07:00:00.000Z,26.84,26.97,25.84,25.85,-3.14,-3.08,157983667.00
2014-10-13T07:00:00.000Z,25.79,25.92,24.98,25.72,-0.4963,-0.438,196793913.00
2014-10-20T07:00:00.000Z,25.72,26.26,25.15,25.56,-0.6162,-0.5579,195699979.00
2014-10-27T07:00:00.000Z,25.57,26.3,25.55,26.3,2.86,2.92,154407175.00
2014-11-03T08:00:00.000Z,26.39,26.48,26.05,26.35,0.2008,0.2591,120657038.00
2014-11-10T08:00:00.000Z,26.46,27.29,26.16,27.1,2.84,2.89,119805502.00
2014-11-17T08:00:00.000Z,27.07,27.1,26.41,26.63,-1.73,-1.67,119167540.00
2014-11-24T08:00:00.000Z,26.4,26.85,25.83,26.7,0.2835,0.3418,122983350.00
2014-12-01T08:00:00.000Z,26.63,26.7,25.45,25.62,-4.07,-4.01,171638081.00
2014-12-08T08:00:00.000Z,25.65,25.73,24.27,24.27,-5.24,-5.19,224169050.00
2014-12-15T08:00:00.000Z,24.39,25.48,24.21,25.32,4.29,4.35,219546591.00
2014-12-22T08:00:00.000Z,25.41,25.84,25.34,25.79,1.88,1.94,82685031.00
2014-12-29T08:00:00.000Z,25.72,25.87,25.32,25.56,-0.8778,-0.8196,92504036.00
2015-01-05T08:00:00.000Z,25.56,25.6,24.7,25.21,-1.39,-1.33,180155777.00
2015-01-12T08:00:00.000Z,25.35,25.6,24.94,25.51,1.2,1.26,172039748.00
2015-01-19T08:00:00.000Z,25.56,25.84,25.13,25.19,-1.27,-1.21,152778171.00
2015-01-26T08:00:00.000Z,25.15,25.39,24.46,24.85,-1.35,-1.29,255094971.00
2015-02-02T08:00:00.000Z,25.14,26.45,24.76,26.32,5.92,5.98,206112587.00
2015-02-09T08:00:00.000Z,26.2,26.47,25.84,26.16,-0.6022,-0.5439,142872875.00
2015-02-16T08:00:00.000Z,26.12,26.21,25.53,25.72,-1.67,-1.61,101422425.00
2015-02-23T08:00:00.000Z,25.64,26.11,25.36,26.09,1.41,1.47,137337262.00
2015-03-02T08:00:00.000Z,25.94,26.15,25.19,25.27,-3.13,-3.07,158348805.00
2015-03-09T07:00:00.000Z,25.25,25.35,24.55,24.73,-2.15,-2.09,178571019.00
2015-03-16T07:00:00.000Z,24.75,25.36,24.67,25.08,1.43,1.49,199859958.00
2015-03-23T07:00:00.000Z,25.19,25.42,24.61,24.72,-1.44,-1.39,165282106.00
2015-03-30T07:00:00.000Z,24.77,25.08,24.56,25.01,1.16,1.22,121153076.00
2015-04-06T07:00:00.000Z,25.02,25.25,24.48,24.73,-1.09,-1.03,138446455.00
2015-04-13T07:00:00.000Z,24.73,24.96,24.43,24.54,-0.7932,-0.735,143308112.00
2015-04-20T07:00:00.000Z,24.64,25.96,24.57,25.67,4.61,4.67,274558625.00
2015-04-27T07:00:00.000Z,25.7,26.59,25.69,25.98,1.21,1.26,235487958.00
2015-05-04T07:00:00.000Z,25.97,26.2,24.97,25.43,-2.12,-2.06,177716888.00
2015-05-11T07:00:00.000Z,25.4,25.95,24.93,25.91,1.9,1.96,198314410.00
2015-05-18T07:00:00.000Z,25.87,26.58,25.79,26.2,1.11,1.17,255822489.00
2015-05-25T07:00:00.000Z,26.12,26.49,25.86,26.07,-0.4897,-0.4314,167950905.00
2015-06-01T07:00:00.000Z,26.06,26.78,25.84,26.09,0.0867,0.145,238206805.00
2015-06-08T07:00:00.000Z,26.04,26.4,26.04,26.15,0.2315,0.2898,182223108.00
2015-06-15T07:00:00.000Z,26.07,26.49,25.86,26.41,0.9811,1.04,208863806.00
2015-06-22T07:00:00.000Z,26.49,27.51,26.42,27.26,3.23,3.29,271062877.00
2015-06-29T07:00:00.000Z,27.07,27.35,26.62,26.97,-1.08,-1.02,158478659.00
2015-07-06T07:00:00.000Z,26.87,27.06,25.91,26.15,-3.02,-2.96,196676123.00
2015-07-13T07:00:00.000Z,26.23,26.6,26.16,26.42,1.04,1.1,160767048.00
2015-07-20T07:00:00.000Z,26.45,26.49,25.56,25.88,-2.06,-2,299677559.00
2015-07-27T07:00:00.000Z,25.83,26.41,25.68,26.22,1.31,1.37,268026657.00
2015-08-03T07:00:00.000Z,26.38,26.43,25.62,25.82,-1.53,-1.47,181678885.00
2015-08-10T07:00:00.000Z,25.89,26.39,25.25,25.7,-0.4678,-0.4096,245191251.00
2015-08-17T07:00:00.000Z,25.63,26.04,25.19,25.19,-1.97,-1.91,189099886.00
2015-08-24T07:00:00.000Z,24.29,25.28,23.38,25.13,-0.2695,-0.2112,323646540.00
2015-08-31T07:00:00.000Z,25.06,25.12,24.27,24.58,-2.19,-2.13,174329627.00
2015-09-07T07:00:00.000Z,24.87,25.29,24.57,24.7,0.4915,0.5498,112138318.00
2015-09-14T07:00:00.000Z,24.71,25.01,24.46,24.57,-0.5195,-0.4612,194680082.00
2015-09-21T07:00:00.000Z,24.57,24.68,24.12,24.4,-0.6761,-0.6178,149678595.00
2015-09-28T07:00:00.000Z,24.35,24.69,24.04,24.64,0.9589,1.02,217080379.00
2015-10-05T07:00:00.000Z,24.89,25.3,24.81,25.01,1.53,1.59,150309692.00
2015-10-12T07:00:00.000Z,25.06,25.56,24.95,25.53,2.08,2.14,148975474.00
2015-10-19T07:00:00.000Z,25.38,26.22,25.16,25.47,-0.2663,-0.208,205505967.00
2015-10-26T07:00:00.000Z,25.47,25.48,25,25.29,-0.6817,-0.6234,159140658.00
2015-11-02T08:00:00.000Z,25.43,25.5,24.8,25.03,-1.04,-0.9859,130071363.00
2015-11-09T08:00:00.000Z,24.88,24.91,24.39,24.39,-2.56,-2.51,125562849.00
2015-11-16T08:00:00.000Z,24.42,25.5,24.32,25.41,4.18,4.24,138611884.00
2015-11-23T08:00:00.000Z,25.41,25.5,25.06,25.34,-0.2677,-0.2094,75413243.00
2015-11-30T08:00:00.000Z,25.35,25.79,24.92,25.75,1.61,1.67,174819562.00
2015-12-07T08:00:00.000Z,25.57,25.96,24.98,25.04,-2.76,-2.7,188257214.00
2015-12-14T08:00:00.000Z,25.02,26.12,24.99,25.36,1.3,1.35,214483841.00
2015-12-21T08:00:00.000Z,25.6,26.36,25.47,26.16,3.15,3.21,88757101.00
2015-12-28T08:00:00.000Z,26.13,26.41,25.96,25.97,-0.7213,-0.663,82557976.00
2016-01-04T08:00:00.000Z,25.72,26.18,25.22,25.32,-2.53,-2.47,202180059.00
2016-01-11T08:00:00.000Z,25.48,26.08,25.31,25.65,1.34,1.4,227953230.00
2016-01-18T08:00:00.000Z,25.82,26.55,25.23,26.52,3.38,3.44,213835425.00
2016-01-25T08:00:00.000Z,26.56,27.22,26.24,27.22,2.62,2.68,253942250.00
2016-02-01T08:00:00.000Z,27.2,27.96,27.01,27.84,2.27,2.33,220192249.00
2016-02-08T08:00:00.000Z,27.62,28.02,27.1,27.53,-1.11,-1.05,227703259.00
2016-02-15T08:00:00.000Z,27.69,27.93,27.32,27.6,0.2743,0.3326,132898655.00
2016-02-22T08:00:00.000Z,27.73,28.3,27.56,28.02,1.53,1.59,145334419.00
2016-02-29T08:00:00.000Z,28.02,28.79,27.89,28.63,2.15,2.21,157205718.00
2016-03-07T08:00:00.000Z,28.53,29.1,28.39,28.95,1.13,1.19,152150534.00
2016-03-14T07:00:00.000Z,28.96,29.63,28.76,29.1,0.5215,0.5798,161988977.00
2016-03-21T07:00:00.000Z,29.18,29.49,28.96,29.35,0.8298,0.8881,107731933.00
2016-03-28T07:00:00.000Z,29.44,29.98,29.14,29.47,0.4372,0.4955,169600623.00
2016-04-04T07:00:00.000Z,29.56,29.71,28.85,29.06,-1.41,-1.35,139169941.00
2016-04-11T07:00:00.000Z,29.19,29.32,28.82,29.04,-0.052,0.0063,115952791.00
2016-04-18T07:00:00.000Z,29.11,29.44,28.57,28.73,-1.07,-1.01,141220083.00
2016-04-25T07:00:00.000Z,28.7,29.37,28.48,29.3,1.97,2.03,166210516.00
2016-05-02T07:00:00.000Z,29.34,29.55,29.04,29.43,0.4379,0.4962,120927620.00
2016-05-09T07:00:00.000Z,29.43,29.94,29.31,29.55,0.4105,0.4688,106669490.00
2016-05-16T07:00:00.000Z,29.4,29.69,28.51,29.02,-1.79,-1.73,146319005.00
2016-05-23T07:00:00.000Z,29.05,29.43,28.88,29.43,1.4,1.46,100576854.00
2016-05-30T07:00:00.000Z,29.46,29.64,29.12,29.59,0.5644,0.6227,101410609.00
2016-06-06T07:00:00.000Z,29.6,30.59,29.57,30.44,2.86,2.91,135981900.00
2016-06-13T07:00:00.000Z,30.33,30.84,30.14,30.74,0.9918,1.05,141282066.00
2016-06-20T07:00:00.000Z,30.98,31.87,30.59,31.34,1.94,2,180973384.00
2016-06-27T07:00:00.000Z,31.16,32.87,31.16,32.81,4.7,4.75,199689267.00
2016-07-04T07:00:00.000Z,32.83,33.13,31.47,32.16,-1.98,-1.92,151291588.00
2016-07-11T07:00:00.000Z,32.06,32.52,31.86,32.37,0.657,0.7153,117153416.00
2016-07-18T07:00:00.000Z,32.35,32.79,31.96,32.54,0.5131,0.5714,123761434.00
2016-07-25T07:00:00.000Z,32.4,32.75,31.91,32.67,0.4177,0.4759,123529898.00
2016-08-01T07:00:00.000Z,32.64,32.83,32.28,32.58,-0.3005,-0.2423,113139348.00
2016-08-08T07:00:00.000Z,32.58,32.82,32.29,32.67,0.2781,0.3364,83529800.00
2016-08-15T07:00:00.000Z,32.61,32.69,30.71,30.95,-5.24,-5.19,184488595.00
2016-08-22T07:00:00.000Z,30.89,31.16,30.61,30.7,-0.8048,-0.7465,110838476.00
2016-08-29T07:00:00.000Z,30.79,31.23,30.68,30.91,0.6638,0.722,102913929.00
2016-09-05T07:00:00.000Z,30.96,31.24,29.95,29.97,-3.03,-2.97,107434145.00
2016-09-12T07:00:00.000Z,29.87,30.83,29.85,30.34,1.23,1.29,189770541.00
2016-09-19T07:00:00.000Z,30.34,31.24,30.09,31.16,2.69,2.74,120118215.00
2016-09-26T07:00:00.000Z,31.16,31.47,30.52,30.65,-1.62,-1.56,129649066.00
2016-10-03T07:00:00.000Z,30.66,30.98,29.22,29.34,-4.28,-4.23,142141641.00
2016-10-10T07:00:00.000Z,29.38,29.87,28.84,29.6,0.9005,0.9588,118683069.00
2016-10-17T07:00:00.000Z,29.51,29.87,27.9,28.3,-4.41,-4.35,206063007.00
2016-10-24T07:00:00.000Z,27.56,28.18,27.38,27.56,-2.61,-2.56,318448588.00
2016-10-31T07:00:00.000Z,27.63,28.07,27.4,27.55,-0.0276,0.0307,177337287.00
2016-11-07T08:00:00.000Z,27.77,28.33,27.4,27.56,0.0276,0.0859,181886583.00
2016-11-14T08:00:00.000Z,27.63,28.45,27.25,28.35,2.88,2.93,140465997.00
2016-11-21T08:00:00.000Z,28.43,29.59,28.27,29.59,4.39,4.45,104415486.00
2016-11-28T08:00:00.000Z,29.57,29.94,28.8,29.14,-1.53,-1.47,162556262.00
2016-12-05T08:00:00.000Z,29.21,30.76,29.16,30.48,4.58,4.64,154232379.00
2016-12-12T08:00:00.000Z,30.61,31.51,30.59,31.45,3.19,3.25,174680433.00
2016-12-19T08:00:00.000Z,31.45,32.3,31.29,32.25,2.54,2.6,109552079.00
2016-12-26T08:00:00.000Z,32.25,32.33,32.04,32.1,-0.4682,-0.4099,68262481.00
2017-01-02T08:00:00.000Z,32.22,32.48,31.1,31.19,-2.85,-2.79,142570376.00
2017-01-09T08:00:00.000Z,31.16,31.24,30.37,30.92,-0.8712,-0.8129,139611573.00
2017-01-16T08:00:00.000Z,30.95,31.6,30.73,31.29,1.2,1.25,111119662.00
2017-01-23T08:00:00.000Z,31.29,31.93,30.86,31.71,1.35,1.41,162337357.00
2017-01-30T08:00:00.000Z,31.66,32.05,30.91,31.13,-1.81,-1.75,161199177.00
2017-02-06T08:00:00.000Z,31.15,31.27,30.81,31.23,0.3151,0.3734,89925105.00
2017-02-13T08:00:00.000Z,30.81,31.35,30.5,31.31,0.2417,0.3,156503287.00
2017-02-20T08:00:00.000Z,31.23,31.97,31.19,31.97,2.12,2.18,91977757.00
2017-02-27T08:00:00.000Z,31.93,31.93,31.37,31.71,-0.8263,-0.7681,120578138.00
2017-03-06T08:00:00.000Z,31.57,32.03,31.46,31.96,0.8096,0.8679,113564620.00
2017-03-13T07:00:00.000Z,31.87,32.2,31.74,32.16,0.6138,0.6721,113086077.00
2017-03-20T07:00:00.000Z,32.16,32.23,31.26,31.46,-2.18,-2.12,105409316.00
2017-03-27T07:00:00.000Z,31.39,31.62,31.14,31.36,-0.3122,-0.2539,99593788.00
2017-04-03T07:00:00.000Z,31.4,31.53,30.58,30.64,-2.31,-2.25,120984680.00
2017-04-10T07:00:00.000Z,30.64,30.76,30.24,30.4,-0.7638,-0.7055,102782464.00
2017-04-17T07:00:00.000Z,30.42,30.58,30.05,30.14,-0.869,-0.8107,129114100.00
2017-04-24T07:00:00.000Z,30.27,30.61,29.83,29.91,-0.7512,-0.6929,190572553.00
2017-05-01T07:00:00.000Z,29.95,29.96,28.4,29.1,-2.7,-2.64,181010843.00
2017-05-08T07:00:00.000Z,29.27,29.27,28.78,29.05,-0.1818,-0.1235,125404595.00
2017-05-15T07:00:00.000Z,29.07,29.26,28.27,28.86,-0.6495,-0.5913,157343154.00
2017-05-22T07:00:00.000Z,28.86,28.99,28.69,28.77,-0.3136,-0.2553,96215877.00
2017-05-29T07:00:00.000Z,28.82,29.5,28.82,29.34,1.97,2.03,107035567.00
2017-06-05T07:00:00.000Z,29.29,29.38,29,29.28,-0.2055,-0.1472,112801565.00
2017-06-12T07:00:00.000Z,29.29,29.72,29.06,29.41,0.4382,0.4965,138317985.00
2017-06-19T07:00:00.000Z,29.42,29.42,28.55,28.64,-2.59,-2.53,140971528.00
2017-06-26T07:00:00.000Z,28.64,28.89,28.33,28.48,-0.5795,-0.5212,138941512.00
2017-07-03T07:00:00.000Z,28.56,28.84,27.79,27.91,-1.99,-1.93,96528872.00
2017-07-10T07:00:00.000Z,27.9,27.99,27.3,27.4,-1.84,-1.78,153213018.00
2017-07-17T07:00:00.000Z,27.41,27.72,27.03,27.56,0.5785,0.6368,169609492.00
2017-07-24T07:00:00.000Z,27.56,29.94,27.27,29.44,6.82,6.88,294500824.00
2017-07-31T07:00:00.000Z,29.41,29.64,28.71,29.01,-1.46,-1.4,169103903.00
2017-08-07T07:00:00.000Z,29.01,29.24,28.73,28.76,-0.8584,-0.8002,114673285.00
2017-08-14T07:00:00.000Z,28.86,29.1,28.08,28.21,-1.92,-1.86,121849593.00
2017-08-21T07:00:00.000Z,28.3,28.78,28.23,28.67,1.66,1.72,102164596.00
2017-08-28T07:00:00.000Z,28.68,28.73,28.24,28.29,-1.34,-1.28,86994077.00
2017-09-04T07:00:00.000Z,28.23,28.25,26.49,26.86,-5.04,-4.98,186609727.00
2017-09-11T07:00:00.000Z,26.93,28.01,26.81,28,4.24,4.3,189318892.00
2017-09-18T07:00:00.000Z,28.01,29.24,27.94,29.13,4.02,4.07,192318411.00
2017-09-25T07:00:00.000Z,29.08,29.67,29.06,29.56,1.5,1.56,161483438.00
2017-10-02T07:00:00.000Z,29.59,30.04,29.09,29.13,-1.48,-1.42,125365984.00
2017-10-09T07:00:00.000Z,29.17,29.19,26.61,26.95,-7.49,-7.43,267105894.00
2017-10-16T07:00:00.000Z,27.04,27.51,26.72,26.82,-0.4483,-0.39,212312270.00
2017-10-23T07:00:00.000Z,26.73,26.92,25.16,25.64,-4.42,-4.36,366935443.00
2017-10-30T07:00:00.000Z,25.68,25.98,24.85,25.13,-1.97,-1.91,316841328.00
2017-11-06T08:00:00.000Z,24.96,26.02,24.57,25.83,2.76,2.82,387929230.00
2017-11-13T08:00:00.000Z,25.87,26.33,25.35,26.05,0.8475,0.9058,223847518.00
2017-11-20T08:00:00.000Z,26.08,26.38,25.81,26.27,0.8696,0.9279,135578572.00
2017-11-27T08:00:00.000Z,26.3,27.85,26.08,27.55,4.85,4.91,259269441.00
2017-12-04T08:00:00.000Z,27.77,28.33,27.03,27.72,0.6301,0.6884,205023338.00
2017-12-11T08:00:00.000Z,27.66,28.9,27.56,28.86,4.11,4.17,252820240.00
2017-12-18T08:00:00.000Z,29.06,29.66,28.7,29.39,1.83,1.89,184942471.00
2017-12-25T08:00:00.000Z,29.4,29.68,29.22,29.35,-0.1541,-0.0958,95425473.00
2018-01-01T08:00:00.000Z,29.48,29.48,28.12,28.79,-1.9,-1.84,160867060.00
2018-01-08T08:00:00.000Z,28.79,29.04,27.41,27.85,-3.25,-3.19,223067679.00
2018-01-15T08:00:00.000Z,27.85,28.21,27.54,28.09,0.8402,0.8985,135614686.00
2018-01-22T08:00:00.000Z,28.08,28.85,27.81,28.55,1.64,1.7,183197652.00
2018-01-29T08:00:00.000Z,28.02,29.66,27.91,28.73,0.661,0.7193,275914709.00
2018-02-05T08:00:00.000Z,28.54,28.92,26.44,27.21,-5.31,-5.25,318103391.00
2018-02-12T08:00:00.000Z,27.42,28.22,27.15,28.03,3.02,3.08,162791253.00
2018-02-19T08:00:00.000Z,27.84,27.99,27.38,27.72,-1.13,-1.07,104465401.00
2018-02-26T08:00:00.000Z,27.87,28.41,27.07,27.44,-1.01,-0.9495,159632290.00
2018-03-05T08:00:00.000Z,27.32,28.09,27.25,27.96,1.93,1.98,124319798.00
2018-03-12T07:00:00.000Z,27.96,28.54,27.85,27.93,-0.1352,-0.0769,157698327.00
2018-03-19T07:00:00.000Z,27.91,28,26.08,26.19,-6.22,-6.16,159606376.00
2018-03-26T07:00:00.000Z,26.46,27.09,25.99,26.91,2.74,2.8,163841322.00
2018-04-02T07:00:00.000Z,26.85,27.33,26.29,26.89,-0.0561,0.0022,150900336.00
2018-04-09T07:00:00.000Z,26.6,27.47,26.43,26.52,-1.38,-1.32,158344092.00
2018-04-16T07:00:00.000Z,26.7,27.04,25.78,26.17,-1.34,-1.28,163069348.00
2018-04-23T07:00:00.000Z,26.2,26.67,24.5,24.94,-4.7,-4.64,337206838.00
2018-04-30T07:00:00.000Z,25.11,25.22,23.86,24.26,-2.72,-2.67,249062280.00
2018-05-07T07:00:00.000Z,24.32,24.39,23.53,24.37,0.4666,0.5249,204956600.00
2018-05-14T07:00:00.000Z,24.45,24.52,23.99,24.19,-0.7431,-0.6848,158668369.00
2018-05-21T07:00:00.000Z,24.27,24.76,24.07,24.54,1.44,1.49,186960818.00
2018-05-28T07:00:00.000Z,24.5,24.63,24.26,24.51,-0.1231,-0.0648,138125907.00
2018-06-04T07:00:00.000Z,24.59,25.68,24.38,25.53,4.19,4.25,200962317.00
2018-06-11T07:00:00.000Z,25.64,26.06,24.23,25.02,-2.01,-1.95,654934543.00
2018-06-18T07:00:00.000Z,24.92,24.94,23.78,23.92,-4.4,-4.35,446661084.00
2018-06-25T07:00:00.000Z,23.89,24.52,23.7,24.24,1.33,1.38,296729934.00
2018-07-02T07:00:00.000Z,24.27,24.76,24.15,24.67,1.78,1.83,196457630.00
2018-07-09T07:00:00.000Z,24.33,24.53,23.78,23.9,-3.09,-3.03,290636833.00
2018-07-16T07:00:00.000Z,23.93,24.24,23.43,23.47,-1.8,-1.74,268430017.00
2018-07-23T07:00:00.000Z,23.5,23.91,22.74,23.46,-0.0643,-0.006,364294126.00
2018-07-30T07:00:00.000Z,23.82,24.41,23.74,24.36,3.83,3.89,265948361.00
2018-08-06T07:00:00.000Z,24.31,24.55,24.13,24.35,-0.0308,0.0275,156037707.00
2018-08-13T07:00:00.000Z,24.35,25.1,24.25,24.93,2.39,2.45,177538576.00
2018-08-20T07:00:00.000Z,25.01,25.35,24.46,24.64,-1.18,-1.12,163964698.00
2018-08-27T07:00:00.000Z,24.71,24.93,23.94,24.11,-2.14,-2.09,153769168.00
2018-09-03T07:00:00.000Z,23.99,24.45,23.76,24.24,0.5637,0.622,136848150.00
2018-09-10T07:00:00.000Z,24.36,25.43,24.3,25.36,4.61,4.67,225299166.00
2018-09-17T07:00:00.000Z,25.36,25.84,25.02,25.5,0.5355,0.5938,324778567.00
2018-09-24T07:00:00.000Z,25.85,25.87,25.11,25.35,-0.5919,-0.5336,194546132.00
2018-10-01T07:00:00.000Z,25.41,25.89,25.2,25.65,1.22,1.28,179399588.00
2018-10-08T07:00:00.000Z,25.67,25.8,23.9,24.34,-5.12,-5.06,275984557.00
2018-10-15T07:00:00.000Z,24.36,24.87,24.27,24.81,1.92,1.98,208092091.00
2018-10-22T07:00:00.000Z,24.84,25.12,21.78,21.96,-11.5,-11.44,463635442.00
2018-10-29T07:00:00.000Z,22.33,23.44,22.11,23.04,4.92,4.97,281103902.00
2018-11-05T08:00:00.000Z,23.12,23.52,22.98,23.16,0.557,0.6152,201431397.00
2018-11-12T08:00:00.000Z,23.17,23.57,22.57,22.86,-1.3,-1.25,199683816.00
2018-11-19T08:00:00.000Z,22.9,23.17,22.15,22.16,-3.07,-3.01,149792097.00
2018-11-26T08:00:00.000Z,22.38,23.72,22.37,23.58,6.4,6.46,283231982.00
2018-12-03T08:00:00.000Z,23.96,24.16,22.53,22.75,-3.52,-3.46,236022973.00
2018-12-10T08:00:00.000Z,22.7,23.15,22.02,22.81,0.2655,0.3238,295926585.00
2018-12-17T08:00:00.000Z,22.74,22.87,21.24,21.37,-6.32,-6.26,392591962.00
2018-12-24T08:00:00.000Z,21.29,21.74,20.23,21.48,0.5298,0.5881,275128920.00
2018-12-31T08:00:00.000Z,21.56,22.93,21.2,22.9,6.61,6.66,227722407.00
2019-01-07T08:00:00.000Z,23.19,23.68,22.51,23.3,1.75,1.81,251588080.00
2019-01-14T08:00:00.000Z,23.17,23.42,22.82,23.37,0.2918,0.3501,192393557.00
2019-01-22T08:00:00.000Z,23.34,23.42,22.85,23.14,-0.9693,-0.911,159534258.00
2019-01-28T08:00:00.000Z,23.11,23.17,21.9,22.64,-2.15,-2.09,329339981.00
2019-02-04T08:00:00.000Z,22.67,22.67,21.83,22.3,-1.5,-1.44,203250535.00
2019-02-11T08:00:00.000Z,22.33,23.04,22.24,23,3.11,3.17,201545060.00
2019-02-19T08:00:00.000Z,22.99,23.54,22.88,23.51,2.23,2.29,131693546.00
2019-02-25T08:00:00.000Z,23.59,23.72,23.13,23.26,-1.06,-1,184489070.00
2019-03-04T08:00:00.000Z,23.36,23.36,22.39,22.61,-2.79,-2.73,195392025.00
2019-03-11T07:00:00.000Z,22.63,23.32,22.6,23.15,2.37,2.43,214180642.00
2019-03-18T07:00:00.000Z,23.16,23.65,22.95,23.45,1.3,1.36,180497561.00
2019-03-25T07:00:00.000Z,23.47,23.88,23.13,23.67,0.9334,0.9917,179238352.00
2019-04-01T07:00:00.000Z,23.85,24.42,23.81,24.42,3.16,3.22,220780981.00
2019-04-08T07:00:00.000Z,24.49,24.54,23.81,24.3,-0.4636,-0.4053,179349815.00
2019-04-15T07:00:00.000Z,24.31,24.34,24.04,24.18,-0.5279,-0.4696,115064518.00
2019-04-22T07:00:00.000Z,24.17,24.36,22.68,23.16,-4.22,-4.16,272102561.00
2019-04-29T07:00:00.000Z,23.33,23.63,23.07,23.17,0.0652,0.1235,201050486.00
2019-05-06T07:00:00.000Z,22.99,23.19,22.74,23.11,-0.2607,-0.2024,165691652.00
2019-05-13T07:00:00.000Z,22.91,24.15,22.9,24,3.85,3.91,190379797.00
2019-05-20T07:00:00.000Z,24.36,24.97,24.1,24.36,1.48,1.54,182278842.00
2019-05-28T07:00:00.000Z,24.4,24.47,22.93,23.08,-5.24,-5.18,165760564.00
2019-06-03T07:00:00.000Z,23.19,24.68,23.15,24.52,6.25,6.3,191072241.00
2019-06-10T07:00:00.000Z,24.67,24.91,24.05,24.42,-0.431,-0.3727,141160842.00
2019-06-17T07:00:00.000Z,24.34,24.68,24.28,24.49,0.3092,0.3675,165403338.00
2019-06-24T07:00:00.000Z,24.52,25.32,24.49,25.29,3.27,3.32,182691892.00
2019-07-01T07:00:00.000Z,25.52,25.94,25.19,25.89,2.36,2.42,137391942.00
2019-07-08T07:00:00.000Z,25.76,25.93,25.1,25.4,-1.9,-1.84,185873647.00
2019-07-15T07:00:00.000Z,25.41,25.46,24.73,24.75,-2.56,-2.5,160588197.00
2019-07-22T07:00:00.000Z,24.72,25.84,23.79,25.78,4.15,4.21,268356106.00
2019-07-29T07:00:00.000Z,25.72,26.15,25.32,25.79,0.0586,0.1169,242502161.00
2019-08-05T07:00:00.000Z,25.44,26.11,25.05,26.07,1.08,1.14,209386853.00
2019-08-12T07:00:00.000Z,26.02,26.42,25.63,26.39,1.24,1.3,193545325.00
2019-08-19T07:00:00.000Z,26.42,26.79,26.15,26.28,-0.4289,-0.3706,165854413.00
2019-08-26T07:00:00.000Z,26.39,26.68,26.07,26.61,1.26,1.32,165034232.00
2019-09-03T07:00:00.000Z,26.48,27.45,26.35,27.36,2.81,2.87,122300522.00
2019-09-09T07:00:00.000Z,28.55,29.25,27.71,28.61,4.58,4.64,401244090.00
2019-09-16T07:00:00.000Z,28.46,28.69,27.54,28.61,,0.0583,303994679.00
2019-09-23T07:00:00.000Z,28.39,28.57,28.06,28.25,-1.27,-1.21,159307836.00
2019-09-30T07:00:00.000Z,28.37,28.65,27.67,28.31,0.2134,0.2717,162939181.00
2019-10-07T07:00:00.000Z,28.36,28.58,27.84,28.36,0.1868,0.2451,170538432.00
2019-10-14T07:00:00.000Z,28.36,29.08,28.16,29.04,2.37,2.43,166392864.00
2019-10-21T07:00:00.000Z,29,29.15,27.58,27.86,-4.05,-4,194717862.00
2019-10-28T07:00:00.000Z,28.91,29.45,28.59,29.4,5.53,5.59,261911800.00
2019-11-04T08:00:00.000Z,29.51,29.87,29.28,29.72,1.1,1.16,174560430.00
2019-11-11T08:00:00.000Z,29.63,29.82,29.2,29.81,0.3048,0.3631,140012960.00
2019-11-18T08:00:00.000Z,29.66,29.96,27.47,28.49,-4.43,-4.37,280379183.00
2019-11-25T08:00:00.000Z,28.61,28.65,27.75,28.21,-0.9802,-0.922,161289786.00
2019-12-02T08:00:00.000Z,28.29,29.12,27.86,28.83,2.19,2.25,175380481.00
2019-12-09T08:00:00.000Z,28.77,29.11,28.55,28.88,0.1571,0.2154,145091174.00
2019-12-16T08:00:00.000Z,28.96,29.63,28.96,29.55,2.33,2.38,215126279.00
2019-12-23T08:00:00.000Z,29.63,29.76,29.36,29.62,0.2298,0.2881,96839753.00
2019-12-30T08:00:00.000Z,29.64,29.65,29.11,29.48,-0.4585,-0.4002,126610074.00
2020-01-06T08:00:00.000Z,29.43,29.85,29.1,29.11,-1.25,-1.2,234233464.00
2020-01-13T08:00:00.000Z,29.09,29.1,28.51,28.97,-0.4926,-0.4343,194232148.00
2020-01-21T08:00:00.000Z,28.95,29.54,28.82,29.06,0.3128,0.371,189940663.00
2020-01-27T08:00:00.000Z,28.7,29.29,27.41,28.39,-2.29,-2.23,286024132.00
2020-02-03T08:00:00.000Z,28.65,29.22,27.78,29.02,2.21,2.26,197135804.00
2020-02-10T08:00:00.000Z,29,29.3,28.57,28.87,-0.52,-0.4617,177335033.00
2020-02-18T08:00:00.000Z,28.82,29.19,28.71,29.1,0.7842,0.8425,135835909.00
2020-02-24T08:00:00.000Z,28.67,29.07,24.92,26.58,-8.64,-8.58,412661154.00
2020-03-02T08:00:00.000Z,26.7,28.85,26.64,27.95,5.14,5.2,355724552.00
2020-03-09T07:00:00.000Z,26.42,27.29,23.44,26.02,-6.91,-6.86,422474607.00
2020-03-16T07:00:00.000Z,23.4,25.71,21.27,21.47,-17.46,-17.41,492864702.00
2020-03-23T07:00:00.000Z,20.67,23.37,19.68,22.52,4.89,4.94,465954377.00
2020-03-30T07:00:00.000Z,22.57,22.95,20.57,20.73,-7.98,-7.92,335663612.00
2020-04-06T07:00:00.000Z,21.44,23.38,21.37,23.19,11.91,11.97,263748490.00
2020-04-13T07:00:00.000Z,23.02,23.59,22.42,23.57,1.63,1.69,226319085.00
2020-04-20T07:00:00.000Z,23.28,23.72,22,22.42,-4.87,-4.81,257219220.00
2020-04-27T07:00:00.000Z,22.64,24.05,22.45,22.57,0.6395,0.6978,231868644.00
2020-05-04T07:00:00.000Z,22.45,22.78,21.73,22.48,-0.3678,-0.3095,212972325.00
2020-05-11T07:00:00.000Z,22.38,22.39,20.84,21.37,-4.97,-4.91,246148024.00
2020-05-18T07:00:00.000Z,21.88,22.69,21.81,22.55,5.55,5.6,229708199.00
2020-05-26T07:00:00.000Z,23.13,24.21,22.89,23.29,3.28,3.34,222927386.00
2020-06-01T07:00:00.000Z,23.21,24.91,23.1,24.73,6.19,6.25,210274297.00
2020-06-08T07:00:00.000Z,24.91,25.09,22.65,23.02,-6.93,-6.87,238381782.00
2020-06-15T07:00:00.000Z,22.64,23.75,22.28,22.88,-0.6229,-0.5646,287103318.00
2020-06-22T07:00:00.000Z,22.78,23.15,21.83,21.95,-4.06,-4,327536167.00
2020-06-29T07:00:00.000Z,22.14,23.02,22.11,22.7,3.44,3.5,198765878.00
2020-07-06T07:00:00.000Z,23.05,23.1,22.18,22.74,0.1661,0.2243,233734141.00
2020-07-13T07:00:00.000Z,22.76,23.04,22.28,22.83,0.3984,0.4567,210256190.00
2020-07-20T07:00:00.000Z,22.78,22.96,22.24,22.32,-2.25,-2.19,248298203.00
2020-07-27T07:00:00.000Z,22.27,22.56,22.04,22.33,0.0341,0.0923,221230842.00
2020-08-03T07:00:00.000Z,22.6,22.8,22.2,22.66,1.49,1.55,196543160.00
2020-08-10T07:00:00.000Z,22.68,23.22,22.46,22.65,-0.0335,0.0247,179033533.00
2020-08-17T07:00:00.000Z,22.7,22.7,22.27,22.41,-1.07,-1.01,158356427.00
2020-08-24T07:00:00.000Z,22.42,22.77,22.39,22.67,1.18,1.24,174493493.00
2020-08-31T07:00:00.000Z,22.76,22.78,22.08,22.21,-2.06,-2.01,281312880.00
2020-09-08T07:00:00.000Z,22.27,22.42,21.74,21.89,-1.43,-1.37,202893995.00
2020-09-14T07:00:00.000Z,21.96,22.3,21.82,21.84,-0.2412,-0.1829,215991933.00
2020-09-21T07:00:00.000Z,21.74,21.84,20.95,21.16,-3.08,-3.02,246947538.00
2020-09-28T07:00:00.000Z,21.38,21.81,21.23,21.65,2.28,2.34,201946201.00
2020-10-05T07:00:00.000Z,21.5,22.01,21.31,21.38,-1.26,-1.2,236968306.00
2020-10-12T07:00:00.000Z,21.36,21.36,20.46,20.63,-3.5,-3.44,284980447.00
2020-10-19T07:00:00.000Z,20.71,21.51,20.03,21,1.79,1.85,362498839.00
2020-10-26T07:00:00.000Z,20.85,20.87,19.89,20.39,-2.88,-2.82,289171232.00
2020-11-02T08:00:00.000Z,20.68,21.02,20.27,20.71,1.55,1.61,249311453.00
2020-11-09T08:00:00.000Z,21.31,21.89,21.25,21.82,5.36,5.42,281633712.00
2020-11-16T08:00:00.000Z,21.97,22.06,21.22,21.38,-2.04,-1.98,235413256.00
2020-11-23T08:00:00.000Z,21.43,22.22,21.4,21.91,2.51,2.56,148343218.00
2020-11-30T08:00:00.000Z,21.79,22.46,21.66,22.3,1.76,1.82,248517847.00
2020-12-07T08:00:00.000Z,22.48,24.07,22.24,23.41,4.98,5.03,341108037.00
2020-12-14T08:00:00.000Z,23.57,23.6,22.08,22.19,-5.19,-5.13,327057022.00
2020-12-21T08:00:00.000Z,21.87,22.05,21.38,21.65,-2.42,-2.36,225581451.00
2020-12-28T08:00:00.000Z,21.84,21.86,21.43,21.71,0.2443,0.3026,200333638.00
2021-01-04T08:00:00.000Z,22.18,22.71,21.7,21.9,0.9038,0.9621,387209825.00
2021-01-11T08:00:00.000Z,21.69,22.47,21.49,22.02,0.5168,0.5751,288321796.00
2021-01-19T08:00:00.000Z,22.1,22.18,21.56,21.84,-0.8226,-0.7643,180287192.00
2021-01-25T08:00:00.000Z,21.71,22.79,21.5,21.61,-1.04,-0.979,369222604.00
2021-02-01T08:00:00.000Z,21.84,21.94,21.38,21.84,1.05,1.11,245588250.00
2021-02-08T08:00:00.000Z,21.87,21.88,21.48,21.74,-0.4497,-0.3914,224677358.00
2021-02-16T08:00:00.000Z,21.74,22.45,21.68,21.89,0.6947,0.7529,194353427.00
2021-02-22T08:00:00.000Z,21.88,22.5,21.05,21.05,-3.83,-3.77,334549099.00
2021-03-01T08:00:00.000Z,21.25,22.45,21.15,22.36,6.2,6.26,340314838.00
2021-03-08T08:00:00.000Z,22.3,23.3,22.21,22.5,0.6414,0.6997,336965177.00
2021-03-15T07:00:00.000Z,22.66,23.02,22.36,22.46,-0.168,-0.1097,298537716.00
2021-03-22T07:00:00.000Z,22.48,23.1,22.33,22.88,1.85,1.91,267371319.00
2021-03-29T07:00:00.000Z,22.95,23.2,22.67,23,0.5276,0.5859,198986360.00
2021-04-05T07:00:00.000Z,23.11,23.51,22.58,22.67,-1.41,-1.35,259717308.00
2021-04-12T07:00:00.000Z,22.65,22.76,22.11,22.61,-0.2999,-0.2416,204280529.00
2021-04-19T07:00:00.000Z,22.64,24.07,22.5,23.7,4.84,4.9,318077186.00
2021-04-26T07:00:00.000Z,23.68,23.8,23.12,23.71,0.0316,0.0899,234182581.00
2021-05-03T07:00:00.000Z,23.99,24.47,23.75,24.27,2.39,2.45,222913968.00
2021-05-10T07:00:00.000Z,24.4,24.83,23.9,24.33,0.2488,0.3071,204187275.00
2021-05-17T07:00:00.000Z,25.29,25.57,21.64,22.65,-6.92,-6.86,924346138.00
2021-05-24T07:00:00.000Z,22.68,22.76,22.06,22.21,-1.93,-1.87,301296017.00
2021-06-01T07:00:00.000Z,22.24,22.37,22,22.09,-0.5438,-0.4855,211325143.00
2021-06-07T07:00:00.000Z,22.11,22.15,21.68,22.13,0.1706,0.2289,251660476.00
2021-06-14T07:00:00.000Z,22.06,22.15,21.44,21.62,-2.29,-2.23,245407405.00
2021-06-21T07:00:00.000Z,21.68,21.89,21.59,21.81,0.8379,0.8962,202178982.00
2021-06-28T07:00:00.000Z,21.82,22.15,21.62,22.06,1.18,1.24,195273714.00
2021-07-06T07:00:00.000Z,22.1,22.14,21.2,21.47,-2.67,-2.61,196050791.00
2021-07-12T07:00:00.000Z,21.39,21.61,21.25,21.39,-0.3865,-0.3282,187245650.00
2021-07-19T07:00:00.000Z,21.22,21.4,20.76,21.25,-0.6709,-0.6126,252297231.00
2021-07-26T07:00:00.000Z,21.19,21.47,21.03,21.17,-0.3549,-0.2966,227667376.00
2021-08-02T07:00:00.000Z,21.31,21.55,20.99,21.1,-0.3212,-0.2629,178570553.00
2021-08-09T07:00:00.000Z,21.11,21.33,20.96,21.28,0.8226,0.8809,144299604.00
2021-08-16T07:00:00.000Z,21.24,21.35,20.7,20.81,-2.2,-2.14,176868186.00
2021-08-23T07:00:00.000Z,20.85,20.92,20.29,20.48,-1.6,-1.54,197585307.00
2021-08-30T07:00:00.000Z,20.47,21.04,20.42,20.8,1.58,1.64,247224110.00
2021-09-07T07:00:00.000Z,20.73,20.93,20.5,20.51,-1.38,-1.32,151065875.00
2021-09-13T07:00:00.000Z,20.64,21.09,20.57,20.78,1.29,1.35,261979727.00
2021-09-20T07:00:00.000Z,20.62,20.7,20.33,20.48,-1.45,-1.39,231313038.00
2021-09-27T07:00:00.000Z,20.51,20.94,20.39,20.5,0.1104,0.1687,228454647.00
2021-10-04T07:00:00.000Z,20.56,20.74,20.19,20.21,-1.44,-1.38,290700838.00
2021-10-11T07:00:00.000Z,20.14,20.21,18.88,19.4,-4,-3.94,405892859.00
2021-10-18T07:00:00.000Z,19.29,19.84,19.07,19.24,-0.8171,-0.7588,293251181.00
2021-10-25T07:00:00.000Z,19.19,19.4,18.9,19.07,-0.9023,-0.844,309110775.00
2021-11-01T07:00:00.000Z,19.22,19.31,18.52,18.94,-0.6331,-0.5748,289884491.00
2021-11-08T08:00:00.000Z,18.91,18.97,18.55,18.82,-0.6376,-0.5794,260107112.00
2021-11-15T08:00:00.000Z,18.85,18.91,18.08,18.21,-3.25,-3.19,260947906.00
2021-11-22T08:00:00.000Z,18.19,18.86,18.12,18.28,0.3734,0.4317,213984593.00
2021-11-29T08:00:00.000Z,18.3,18.31,16.77,17.71,-3.14,-3.08,560068794.00
2021-12-06T08:00:00.000Z,17.81,18.07,17.12,17.24,-2.64,-2.58,347213298.00
2021-12-13T08:00:00.000Z,17.14,18.03,16.62,17.95,4.12,4.17,577329966.00
2021-12-20T08:00:00.000Z,18.14,18.88,17.93,18.77,4.58,4.64,323925707.00
2021-12-27T08:00:00.000Z,18.77,18.96,18.54,18.57,-1.09,-1.03,281794827.00
2022-01-03T08:00:00.000Z,18.7,20.24,18.7,19.84,6.87,6.93,467560010.00
2022-01-10T08:00:00.000Z,19.92,20.55,19.73,20.51,3.39,3.44,323404107.00
2022-01-18T08:00:00.000Z,20.54,20.74,19.96,20.08,-2.1,-2.04,283288256.00
2022-01-24T08:00:00.000Z,19.77,20.36,17.78,19.03,-5.26,-5.2,625930628.00
2022-01-31T08:00:00.000Z,18.85,19.28,18.1,18.18,-4.48,-4.42,530021517.00
2022-02-07T08:00:00.000Z,18.14,18.61,17.84,18.21,0.2074,0.2657,287060854.00
2022-02-14T08:00:00.000Z,18.14,18.46,17.77,18.02,-1.08,-1.02,286236491.00
2022-02-22T08:00:00.000Z,17.94,18.2,17.1,18.05,0.1676,0.2259,264573258.00
2022-02-28T08:00:00.000Z,17.81,18.19,17.49,18.02,-0.1673,-0.1091,263672488.00
2022-03-07T08:00:00.000Z,17.87,18.01,17.31,17.5,-2.85,-2.79,301370595.00
2022-03-14T07:00:00.000Z,17.53,17.62,17.22,17.53,0.1291,0.1874,293371557.00
2022-03-21T07:00:00.000Z,17.53,17.99,17.43,17.99,2.67,2.73,208299119.00
2022-03-28T07:00:00.000Z,18.11,18.23,17.65,18.1,0.5869,0.6452,260466143.00
2022-04-04T07:00:00.000Z,18,18.3,17.77,18.22,0.6674,0.7257,276598150.00
2022-04-11T07:00:00.000Z,18.89,20.12,18.85,19.54,7.24,7.3,379112814.00
2022-04-18T07:00:00.000Z,19.43,20.35,19.29,19.52,-0.1024,-0.0441,310803513.00
2022-04-25T07:00:00.000Z,19.77,19.89,18.81,18.86,-3.38,-3.32,327129131.00
2022-05-02T07:00:00.000Z,19,20.11,18.86,20.03,6.2,6.26,298009450.00
2022-05-09T07:00:00.000Z,19.98,20.04,19.24,19.84,-0.9486,-0.8903,230897627.00
2022-05-16T07:00:00.000Z,19.93,20.67,19.68,20.4,2.82,2.88,215312056.00
2022-05-23T07:00:00.000Z,20.53,21.53,20.42,21.29,4.36,4.42,199460847.00
2022-05-31T07:00:00.000Z,21.19,21.47,20.8,20.9,-1.83,-1.77,152326198.00
2022-06-06T07:00:00.000Z,20.92,21.2,20.63,20.69,-1,-0.9465,126239018.00
2022-06-13T07:00:00.000Z,20.4,20.49,18.67,19.38,-6.33,-6.27,303337867.00
2022-06-21T07:00:00.000Z,19.64,21.06,19.47,20.99,8.31,8.37,195276825.00
2022-06-27T07:00:00.000Z,20.95,21.39,20.54,21.31,1.52,1.58,156104365.00
2022-07-05T07:00:00.000Z,21.13,21.32,20.75,20.8,-2.39,-2.33,114007311.00
2022-07-11T07:00:00.000Z,20.71,20.86,20.05,20.57,-1.11,-1.05,125461075.00
2022-07-18T07:00:00.000Z,20.63,20.86,18.24,18.4,-10.55,-10.49,273952913.00
2022-07-25T07:00:00.000Z,18.38,18.85,18.18,18.78,2.07,2.12,197745370.00
2022-08-01T07:00:00.000Z,18.85,18.87,18.09,18.35,-2.29,-2.23,177251483.00
2022-08-08T07:00:00.000Z,18.36,18.41,17.99,18.27,-0.436,-0.3777,194189870.00
2022-08-15T07:00:00.000Z,18.19,18.7,18.18,18.43,0.8758,0.934,147837505.00
2022-08-22T07:00:00.000Z,18.31,18.33,17.85,17.89,-2.93,-2.87,145792288.00
2022-08-29T07:00:00.000Z,17.81,17.92,17.16,17.19,-3.91,-3.85,171730057.00
2022-09-06T07:00:00.000Z,17.2,17.23,16.68,17.03,-0.9308,-0.8725,217720770.00
2022-09-12T07:00:00.000Z,17.07,17.4,16.55,16.74,-1.7,-1.64,235163124.00
2022-09-19T07:00:00.000Z,16.63,16.86,15.85,16.01,-4.36,-4.3,192834327.00
2022-09-26T07:00:00.000Z,15.91,16.03,15.34,15.34,-4.18,-4.13,245936462.00
2022-10-03T07:00:00.000Z,15.73,16.18,14.9,14.94,-2.61,-2.55,251037543.00
2022-10-10T07:00:00.000Z,15,15.27,14.46,14.99,0.3347,0.393,247828577.00
2022-10-17T07:00:00.000Z,15.14,17.4,15.08,17.1,14.08,14.13,339556462.00
2022-10-24T07:00:00.000Z,17.43,18.59,17.39,18.48,8.07,8.13,302442023.00
2022-10-31T07:00:00.000Z,18.35,18.8,18.07,18.32,-0.8658,-0.8075,225508907.00
2022-11-07T08:00:00.000Z,18.34,19.13,18.15,19.05,3.98,4.04,224036280.00
2022-11-14T08:00:00.000Z,19.07,19.39,18.52,18.97,-0.4199,-0.3617,189030300.00
2022-11-21T08:00:00.000Z,18.98,19.29,18.76,19.12,0.7907,0.849,100951138.00
2022-11-28T08:00:00.000Z,19.09,19.4,18.75,19.02,-0.523,-0.4647,176264342.00
2022-12-05T08:00:00.000Z,18.92,19.52,18.69,19.09,0.368,0.4263,195513869.00
2022-12-12T08:00:00.000Z,19.14,19.5,18.21,18.49,-3.14,-3.08,253198012.00
2022-12-19T08:00:00.000Z,18.27,18.32,17.64,18.31,-0.9735,-0.9152,203234896.00
2022-12-27T08:00:00.000Z,18.25,18.55,18.19,18.41,0.5461,0.6044,106984840.00
2023-01-03T08:00:00.000Z,18.51,19.79,18.41,19.53,6.08,6.14,153208093.00
2023-01-09T08:00:00.000Z,19.23,19.59,18.98,19.55,0.1024,0.1607,172081116.00
2023-01-17T08:00:00.000Z,19.55,19.57,18.77,19.23,-1.64,-1.58,154842162.00
2023-01-23T08:00:00.000Z,19.23,21.53,18.7,19.95,3.74,3.8,223825361.00
2023-01-30T08:00:00.000Z,19.92,20.5,19.77,19.83,-0.6015,-0.5432,180563212.00
2023-02-06T08:00:00.000Z,19.75,19.76,18.83,19.07,-3.83,-3.77,150521462.00
2023-02-13T08:00:00.000Z,19.01,19.51,18.93,19.44,1.94,2,141178090.00
2023-02-21T08:00:00.000Z,19.22,19.58,18.98,19.24,-1.03,-0.9705,107513031.00
2023-02-27T08:00:00.000Z,19.3,19.34,18.5,18.81,-2.23,-2.18,128165426.00
2023-03-06T08:00:00.000Z,18.85,18.96,18.18,18.43,-2.02,-1.96,140256128.00
2023-03-13T07:00:00.000Z,18.27,18.66,18.03,18.13,-1.63,-1.57,196809583.00
2023-03-20T07:00:00.000Z,18.27,18.72,18.22,18.61,2.65,2.71,133785796.00
2023-03-27T07:00:00.000Z,18.74,19.25,18.7,19.25,3.44,3.5,118214243.00
2023-04-03T07:00:00.000Z,19.27,19.93,19.2,19.65,2.08,2.14,133705961.00
2023-04-10T07:00:00.000Z,19.47,19.99,19.42,19.93,1.42,1.48,126664233.00
2023-04-17T07:00:00.000Z,19.9,19.92,17.56,18.22,-8.58,-8.52,290213575.00
2023-04-24T07:00:00.000Z,18.09,18.12,17.19,17.67,-3.02,-2.96,226778766.00
2023-05-01T07:00:00.000Z,17.74,17.75,16.85,17.13,-3.06,-3,158256411.00
2023-05-08T07:00:00.000Z,17.01,17.19,16.86,17.03,-0.5838,-0.5255,142655004.00
2023-05-15T07:00:00.000Z,17,17.09,16.29,16.31,-4.23,-4.17,179873693.00
2023-05-22T07:00:00.000Z,16.35,16.43,15,15.5,-4.97,-4.91,274726417.00
2023-05-30T07:00:00.000Z,15.49,15.87,14.85,15.21,-1.87,-1.81,242112779.00
2023-06-05T07:00:00.000Z,15.33,16.13,15.25,15.95,4.87,4.92,185524925.00
